concept_id,concept_name,estimate_pasc,pval_adj_pasc,estimate_covid-no-pasc,pval_adj_covid-no-pasc,conf_int_lower_pasc,conf_int_lower_covid-no-pasc,conf_int_upper_pasc,conf_int_upper_covid-no-pasc
705076,Post-acute COVID-19,Infinity,0,0,1,8402.051282,0,Infinity,Infinity
4157332,Malignant neoplasm of female breast,0,1,0.2463534082,2.55E-06,0,0.1353595406,2.238608998,0.4161285573
42690761,Unable to assess risk,1.726178238,1,0.282526901,0.01042161082,0.2069440186,0.1425935347,6.355400773,0.5092781998
4254223,Esophageal dysphagia,0,1,0.2877572487,0.005414340828,0,0.1497238414,3.028039957,0.5072678078
4095168,"Malignant neoplasm, overlapping lesion of bladder",0,1,0.2912550342,2.97E-07,0,0.1813994027,1.724192594,0.4465831128
37110322,Diverticulosis of large intestine,0,1,0.2984260984,2.49E-34,0,0.2378030741,0.44838479,0.3705995745
4114585,"Primary gonarthrosis, bilateral",0,1,0.3016376135,2.31E-07,0,0.1918263148,1.641222272,0.4548537746
44804551,Multiple pressure ulcers,1.601134835,1,0.3057520958,0.01125438878,0.1920832303,0.1632460403,5.887847122,0.5290428449
4153160,Influenza-like symptoms,0,1,0.3058373722,5.99E-13,0,0.21545431,1.03682356,0.4233991259
4008161,Well child,0,1,0.3095027554,1.34E-09,0,0.2083913399,1.312914242,0.4453316241
4334322,Malignant neoplasm of lower respiratory tract,0,1,0.3174745085,3.21E-05,0,0.1951073401,1.965663776,0.492444222
4195039,Osteopenia,0,1,0.3306612138,7.10E-08,0,0.222396913,1.404372286,0.4763167143
4274025,Disease,0,0.1274729519,0.3414337726,1.69E-43,0,0.2868002599,0.30488578,0.4039914457
434300,Neuroendocrine tumor,1.474200524,1,0.3420343392,0.02239966084,0.1769737837,0.194525713,5.413975674,0.5645594394
4216244,Preoperative state,0,1.94E-13,0.3437783054,4.35E-144,0,0.3126506377,0.09363846986,0.3773637014
442615,Carotid artery stenosis,0,1,0.3448230374,1.64E-04,0,0.2165214166,1.956842435,0.5260085753
4217975,Normal pregnancy,0.231055468,1,0.3472365828,1.37E-13,0.005840487175,0.2580616002,1.293674283,0.4590681417
4042835,Disorder of face,0,1,0.3530482543,2.51E-07,0,0.2417059299,1.370602668,0.5011173392
4309345,Asymptomatic,0,1,0.3557680292,1.03E-19,0,0.2788691663,0.6017478531,0.4485504052
4086587,Elevated blood pressure,0,1,0.356231042,3.05E-04,0,0.2258342367,1.942219957,0.5392384489
4167696,Estrogen receptor positive tumor,1.401627507,1,0.3572230607,4.33E-05,0.2870501533,0.2327994427,4.144773187,0.5285950055
80824,Senile osteoporosis,0.9669608017,1,0.3645626216,2.04E-26,0.4160377776,0.2969201914,1.914480452,0.4439340027
760083,Dysfunction of bilateral eustachian tubes,0,1,0.3687798084,0.02029924619,0,0.2199881813,2.517195914,0.5867328579
4108815,Non-rheumatic mitral regurgitation,0,1,0.3720244471,2.15E-06,0,0.255974021,1.404155087,0.5260374289
4169287,Itching of skin,0.4161739771,1,0.3750958767,2.03E-05,0.01050110469,0.2533901487,2.338261492,0.538724512
194995,Disorder of ureter,0,1,0.3777510038,2.20E-08,0,0.2721569706,1.114059718,0.5133699414
4147326,Sore throat symptom,0.2848651818,1,0.3856176708,4.44E-20,0.03443100841,0.3099208263,1.032834002,0.4753550006
257503,Primary malignant neoplasm of main bronchus,0.6474391218,1,0.3885084059,0.03477135803,0.0163021185,0.2377470902,3.653472212,0.6057970322
4094294,Clinical history and observation findings,0,1,0.396466216,1.20E-21,0,0.3235406572,0.4699005692,0.4819475402
4190644,Platelet count below reference range,0.3035435967,1,0.3980784967,1.59E-07,0.007667100308,0.2887005232,1.701850065,0.5380131797
316866,Hypertensive disorder,0.1982299909,1,0.398968854,4.69E-28,0.02395711884,0.3338766778,0.7180413153,0.473837418
200959,Secondary malignant neoplasm of intrapelvic lymph nodes,0.4901190988,1,0.4015276995,0.001551463652,0.01235895051,0.2652681483,2.75753993,0.5879217332
42537744,Transplanted cornea present,0,1,0.4107497849,0.0391763078,0,0.2596215601,2.243523942,0.624128564
72995,Contracture of joint of hand,1.628752662,1,0.4150221204,0.01351854893,0.3332463261,0.2696499906,4.825074202,0.6164057326
376966,Exudative age-related macular degeneration,0.4206601284,1,0.4247448036,7.55E-04,0.01061388881,0.2931236813,2.363661411,0.5995056669
4226263,Pharyngitis,0,1,0.4250713797,5.85E-08,0,0.3193083619,0.9608619695,0.5571175793
3656064,Pneumothorax due to and following procedure,0.8914259656,1,0.4255863501,0.001519070688,0.1073763234,0.2903779898,3.253190715,0.6065793369
4024018,Immune system finding,0.3751743851,1,0.430047774,1.72E-04,0.009470072064,0.3040903986,2.106343512,0.5944135745
4313365,Neoplasm of uncertain behavior of brain,0.8362567377,1,0.4335771178,6.70E-07,0.1717073469,0.3229944929,2.46177099,0.5725028077
4085075,At risk - finding,0,1,0.4380132423,2.90E-07,0,0.3296583982,0.9736189099,0.5730603338
4157389,Protein deficiency disease,0,1,0.4398101795,3.93E-04,0,0.3108435909,1.422857232,0.6081487783
4291454,Basal cell carcinoma of nose,0.2989760712,1,0.4402708062,5.90E-06,0.007552103039,0.3250680915,1.676066846,0.5858751262
4047124,Expressive language disorder,0.4582986794,1,0.4428772223,4.58E-14,0.09426809877,0.358120392,1.345141037,0.5430074207
4270829,Finding related to ability to move,0.681046246,1,0.446204229,1.10E-04,0.08213106928,0.3229752121,2.479887425,0.6043909742
4295261,Postmenopausal state,1.127746283,1,0.4462704494,2.42E-24,0.5807052327,0.3788396801,1.978907628,0.5229804154
196925,Secondary malignant neoplasm of retroperitoneum and peritoneum,0.4091561001,1,0.4467371284,1.13E-09,0.04942234113,0.3491894483,1.48544625,0.5649954664
317576,Coronary arteriosclerosis,1.02120572,1,0.446841418,1.84E-34,0.5698250293,0.3891266137,1.690943261,0.5112294464
133835,Eczema,0,1,0.4499452321,1.68E-10,0,0.3553793258,0.699953224,0.5636383169
439751,Secondary malignant neoplasm of intrathoracic lymph nodes,1.318972139,1,0.4534761688,1.26E-06,0.4260138731,0.3427948283,3.102890493,0.5910852912
4029305,Hypercholesterolemia,0,1,0.4547232552,3.47E-08,0,0.3516196813,0.832536954,0.5806928427
4166666,Shoulder pain,0,1,0.460440136,2.26E-20,0,0.3885569097,0.3791336443,0.5426120008
4132891,Chronic low back pain,0,1,0.4607024444,2.02E-13,0,0.3753044262,0.5464400199,0.5610592925
36716270,Cyst of kidney,0.4555613435,1,0.4658505744,1.59E-07,0.05501349777,0.3607749457,1.654779144,0.5941542036
436233,Delayed milestone,0.406163002,1,0.4663212362,0.005965054659,0.01024939303,0.329208174,2.281597023,0.6456670401
443432,Impaired cognition,4.783177009,5.61E-05,0.4713688744,7.88E-08,2.969972834,0.3681340584,7.324572341,0.5966839215
4190500,Increased blood leukocyte number,0.1886680771,1,0.4745304417,3.39E-09,0.004771420975,0.3771139794,1.055508652,0.5912137061
432851,Secondary malignant neoplastic disease,0.705387882,1,0.477953035,6.84E-13,0.2283325317,0.3926100171,1.653899209,0.5776101592
4114222,Malignant tumor of head and neck,0,1,0.4803397248,7.60E-04,0,0.3530443989,1.230653696,0.6420796024
4157454,"Primary malignant neoplasm of lower lobe, bronchus or lung",1.003653362,1,0.4856483191,8.43E-06,0.2722295657,0.3730605719,2.588307038,0.6240670405
318096,Secondary malignant neoplasm of lymph node,1.10549433,1,0.4862901949,1.19E-12,0.475445385,0.4010077165,2.190055885,0.5856416097
4246451,Secondary malignant neoplasm of brain,0.5642124112,1,0.4877224946,1.54E-08,0.1159778872,0.388954906,1.657414303,0.6057789909
40480160,Pathological fracture due to osteoporosis,0.742105351,1,0.4905221329,1.26E-08,0.2015026692,0.3921157532,1.910600222,0.6079221002
4311499,Primary malignant neoplasm of respiratory tract,0.8689914798,1,0.4914690505,3.33E-21,0.4154785053,0.4227505549,1.60455926,0.5689588916
377286,Visual field defect,0.6457627838,1,0.4930215331,9.40E-04,0.07789167451,0.3654781465,2.350422637,0.6541702698
36717036,Osteoarthritis of left knee joint,0.180485004,1,0.4934223643,9.46E-09,0.004564948334,0.3957735275,1.009582137,0.609591918
436238,Elevated levels of transaminase & lactic acid dehydrogenase,1.204449225,1,0.4935312273,5.44E-11,0.5178602256,0.4039010355,2.386971304,0.5985700958
4030041,Thyroid nodule,0,1,0.4936642221,0.03256288424,0,0.3496223072,1.560827434,0.6818275927
198700,Secondary malignant neoplasm of liver,0.6668738048,1,0.4947958599,1.12E-15,0.2440489308,0.4170453633,1.457459438,0.583876237
36715479,Hydronephrosis due to ureteral obstruction,0.6151723807,1,0.4957924227,7.12E-04,0.07421407454,0.3704960275,2.238381574,0.6531278599
4136557,Displacements - bone,0.2601800695,1,0.497359184,4.14E-05,0.006574658423,0.3811410416,1.457578682,0.6405681641
4013596,Closed fracture thoracic vertebra,1.034068144,1,0.4984363289,0.003444399312,0.2121416888,0.3661073894,3.048951287,0.6667595485
201072,Benign prostatic hypertrophy without outflow obstruction,0.7402636038,1,0.5005367007,7.79E-11,0.2395900544,0.410963175,1.735984128,0.6052462191
43530621,Acute postoperative pain,0.5309351541,1,0.502077282,1.74E-08,0.1091677095,0.4044643426,1.559246104,0.6178944139
434123,Primary localized osteoarthrosis of pelvic region,1.051217055,1,0.5054965849,0.007259028034,0.2156420349,0.3711930606,3.099774814,0.6764321025
261236,"Primary malignant neoplasm of upper lobe, bronchus or lung",0.6460101332,1,0.5061667066,2.17E-09,0.1754906132,0.4122519833,1.66218929,0.6166856692
376690,Cerebral edema,0.5987003848,1,0.5064053208,2.65E-10,0.1626376434,0.4157440459,1.539993697,0.6124530524
4065279,ECG normal,0,1,0.5075149175,4.52E-11,0,0.4192803281,0.519206864,0.6102284457
201313,Hypertensive renal disease,0,1,0.5085518004,0.001200494945,0,0.3818026892,1.130829499,0.6672099537
4148091,Developmental disorder of motor function,0,1,0.5090219694,0.001081856083,0,0.3830921779,1.113298234,0.6663729221
4035439,Idiopathic osteoarthritis,0.3632202367,1,0.5103708841,1.42E-28,0.1330430814,0.4511916631,0.7926399506,0.5756747462
42709838,Cellulitis of lower limb,0,1,0.5106501814,0.03235227386,0,0.3686260614,1.445330732,0.6937118372
314054,Aortic valve disorder,0.223516302,1,0.5110983333,8.00E-06,0.005650429263,0.4011951446,1.251270292,0.6441126094
4276560,Enzyme level - finding,0,1,0.5113719838,3.03E-05,0,0.3975551519,0.888792881,0.6501383674
36684676,Dermatochalasis of left upper eyelid,1.39668533,1,0.5131188498,3.87E-08,0.6001820205,0.4149642554,2.770033245,0.6292321152
4041437,Radiologic finding,0,1,0.5136944017,8.66E-11,0,0.4252419752,0.51419623,0.6164948686
4175154,Disorder of the peripheral nervous system,2.718618952,1,0.5161965306,3.76E-04,1.293805135,0.3953420463,5.051592774,0.6652613011
4203555,Collapse of thoracic vertebra,0.7028374199,1,0.5169874014,2.84E-05,0.1444254696,0.4038727606,2.06690269,0.6544710719
199837,Portal vein thrombosis,0.6647297941,1,0.5171873157,0.007829292609,0.08017083036,0.3840886612,2.420022042,0.6852101081
75865,Disorder of the urinary system,0.3179881189,1,0.5172627252,6.15E-09,0.03842814783,0.422683165,1.153356929,0.6282664786
314378,Hypertensive heart disease with congestive heart failure,0.2680156696,1,0.519985284,4.27E-04,0.006772104861,0.3989927027,1.501685317,0.669022237
36713111,Osteoarthritis of right knee joint,0.1788114047,1,0.5224603302,2.27E-07,0.004522723495,0.4219821627,1.000181058,0.6415015283
441542,Anxiety,0.3869640079,1,0.5230583315,8.19E-25,0.141707841,0.4610205572,0.8445475777,0.5916427044
319843,Mitral valve disorder,0.7257934695,1,0.5276337789,1.30E-04,0.1491358117,0.4113599619,2.134823533,0.6692140498
4156515,Malnutrition (calorie),0.2893616444,1,0.5295242182,0.002707750796,0.007309914415,0.4028350068,1.621930458,0.6866460474
36684613,Dermatochalasis of right upper eyelid,1.504877654,1,0.532205543,1.26E-07,0.6848809322,0.4339687383,2.875482128,0.6477702033
4170145,Absence of lung,1.126085123,1,0.5334658386,6.19E-05,0.3639679671,0.4203280493,2.64634131,0.670129821
4095793,Female genitalia finding,0,1,0.5365778223,1.01E-12,0,0.4557600551,0.4019912445,0.6286856338
46270513,Secondary malignant neoplasm of right lung,0.5695328417,1,0.5391099775,5.09E-06,0.1170669394,0.4338632472,1.673113082,0.6641870194
4260535,Diverticulitis of large intestine,0.4788559372,1,0.5417193482,1.50E-24,0.2063021068,0.4808574408,0.9462062617,0.6087389825
4159131,Dyslipidemia,0,1,0.5418333168,0.04582857667,0,0.403167234,1.26742171,0.7168640429
4130372,Congenital anomaly of intestinal tract,0.8270362668,1,0.5419579073,0.003146253698,0.1698201975,0.4163693172,2.434463036,0.6966212418
438112,Neoplastic disease,0.6277803791,1,0.5447360406,3.59E-10,0.2032754959,0.4576542251,1.471294742,0.6448988634
78097,Secondary malignant neoplasm of bone,0.4577478918,1,0.5481972525,1.58E-14,0.1482892992,0.4729125311,1.071801066,0.6329790788
437264,Tobacco dependence syndrome,2.271158053,1,0.5494365862,1.15E-17,1.513939648,0.4800606975,3.280089946,0.6268165618
197023,Bilateral inguinal hernia,0.5091830515,1,0.5496998373,0.001831397074,0.06147080458,0.4275703027,1.850714266,0.6987831495
198124,Kidney disease,0.5673177322,1,0.5521457954,1.39E-05,0.1166136919,0.4456170073,1.666572628,0.6785025828
4132892,Acute low back pain,0,1,0.5529948429,3.46E-04,0,0.4373261348,0.8322097084,0.6924345594
135360,Syncope,0.2898468404,1,0.5544321263,0.01207297477,0.007322124544,0.4240981006,1.624681514,0.7155577594
435232,Disorder of speech and language development,0.3464425785,1,0.5544425074,2.64E-19,0.1122886704,0.4880412831,0.810665487,0.6280325061
195770,Subserous leiomyoma of uterus,0.8068779625,1,0.5559006782,6.56E-05,0.2190319894,0.4456677998,2.078348694,0.6873826642
4158910,Secondary malignant neoplasm of unknown site,0.5160338923,1,0.5566722527,4.64E-09,0.1402431096,0.4672739561,1.32666239,0.6595567514
440933,Effects of accidental exposure to external cause,0.3049557021,1,0.5573103553,0.02636844704,0.007702699241,0.4235888913,1.709795373,0.7234924881
433813,Bladder neck obstruction,0.8801923371,1,0.5598895241,0.01885167114,0.1806984085,0.428198999,2.592026292,0.7227618826
73574,Nonunion of fracture,1.072302068,1,0.5618083087,3.47E-04,0.3466495405,0.4476589466,2.519398137,0.6986214449
31610,Disorder of esophagus,1.414157593,1,0.5618507748,1.52E-28,0.9508881413,0.5065232389,2.027090196,0.6220279763
40479625,Atherosclerosis of artery,1.486085402,1,0.5619454993,2.38E-06,0.6763626406,0.461088552,2.839386855,0.680127472
4181583,Upper respiratory infection,0,1,0.5656556134,0.02601192044,0,0.4333856137,1.07943637,0.7290605162
4151134,Cyst of pancreas,0.8546939237,1,0.5657045429,2.90E-09,0.3425182989,0.4778878103,1.769144839,0.6663300109
254591,Secondary malignant neoplasm of lung,0.4173294369,1,0.5658426417,8.69E-08,0.0858560357,0.472287774,1.224483923,0.6739818308
134681,Diffuse spasm of esophagus,1.491825844,1,0.5662333294,4.49E-09,0.7676030101,0.4778386637,2.620879601,0.6675864753
374044,Ptosis of eyelid,0.786951516,1,0.566963208,1.69E-06,0.2546636537,0.4677028611,1.845840659,0.6827716409
196360,Primary malignant neoplasm of bladder,0.5615788302,1,0.5673439634,5.12E-05,0.1154382913,0.45955569,1.649657113,0.6948962344
4223938,Dizziness,0.9024297219,1,0.5700431584,2.55E-08,0.361589337,0.4794083946,1.86841704,0.6741918728
443272,Injury undetermined whether accidentally or purposely inflicted,0.4972880528,1,0.5700437111,0.004826763524,0.06003788241,0.446679219,1.8071194,0.719870861
72993,"Localized, primary osteoarthritis",2.386476998,1,0.5715184391,1.63E-07,1.382554805,0.4775586696,3.848685718,0.6800198612
194684,Crohn's disease of large bowel,0.566459094,1,0.5723644438,0.02862071864,0.0683559591,0.441001088,2.060069269,0.7340172483
381551,Polyneuropathy due to drug,0.2999780817,1,0.5730847518,1.32E-06,0.03625499595,0.4754238865,1.087803126,0.6865263494
381591,Cerebrovascular disease,1.271564744,1,0.5750069337,2.45E-09,0.6322985604,0.4887058259,2.286930452,0.6734011962
77646,Disorder of bone and articular cartilage,1.727598203,1,0.575218773,2.18E-09,0.9625570523,0.4891053731,2.865917631,0.6733649986
434547,Complication of surgical procedure,0.9156134329,1,0.5758881999,2.72E-18,0.4991480482,0.5100288924,1.541927128,0.6485325779
4256761,Imaging result abnormal,2.257450198,1,0.5807364306,7.73E-04,1.119882519,0.4668455508,4.073240516,0.7163787648
4133044,Chest discomfort,0.1290175421,1,0.5828901538,1.48E-07,0.003265739716,0.4909343079,0.7209689001,0.6885210543
434500,Closed fracture of neck of femur,0.2387227398,1,0.5842526652,2.50E-08,0.02886201237,0.4955434145,0.8651086076,0.6855569209
133711,Overlapping malignant neoplasm of female breast,1.155145848,1,0.5861963872,0.006171834159,0.3733169829,0.465009944,2.714854977,0.7320705089
4024000,Urinary system finding,0.4706415704,1,0.5897951878,1.62E-05,0.09680268369,0.4884414606,1.381478004,0.7077596978
4299417,Basal cell carcinoma of face,0.6515018529,1,0.5910871198,4.30E-05,0.17697641,0.4877003866,1.676381806,0.7117737135
40482237,Hemiplegia of dominant side,0.9869801742,1,0.5924385683,0.02029123956,0.2677227716,0.4666721385,2.545194776,0.7446427178
4222174,Rheumatic disease of mitral valve,2.026820847,1,0.5949810227,0.007195603044,0.9211399797,0.4742713491,3.880269747,0.7397924085
137809,Primary malignant neoplasm of female breast,0.6335940692,1,0.5952137166,9.38E-17,0.3031019163,0.5289849733,1.168986804,0.6680596083
46273652,Secondary malignant neoplasm of left lung,0.8326535236,1,0.5964619734,0.002871403456,0.2260051311,0.4798052473,2.144982951,0.7354032216
4110192,Cerebral infarction due to thrombosis of cerebral arteries,1.332824516,1,0.5967006952,8.78E-05,0.5728621187,0.4919186912,2.642688816,0.7191141269
4059049,Mammography abnormal,1.717969715,1,0.5990644361,7.15E-06,0.8834386631,0.5012077907,3.019825904,0.7120704517
435642,Disturbance in speech,1.609725781,1,0.600219241,6.48E-08,0.8762201659,0.511918714,2.716185945,0.7006577777
4168694,Lung field abnormal,1.093711259,1,0.6017950479,1.91E-09,0.544093742,0.5193426652,1.965981947,0.6947218552
4196636,Dysarthria,1.310319761,1,0.603192243,1.94E-06,0.6257804674,0.5088718993,2.423133199,0.7114144143
4061844,Skin changes due to chronic exposure to non-ionizing radiation,0.9643098361,1,0.603986149,2.64E-13,0.5119029335,0.5322046535,1.655436937,0.6835921613
444239,Postprocedural state finding,0.9839644817,1,0.6046000287,5.21E-39,0.6834487509,0.5597944992,1.372919903,0.6523017331
200962,Primary malignant neoplasm of prostate,0.538173523,1,0.6054946315,1.79E-12,0.2158779173,0.5320748059,1.112487911,0.68706989
4133643,Thoracic back pain,0,1,0.6080525158,0.01512318486,0,0.4868002338,0.8152393181,0.7530360349
4288544,Inguinal hernia,0.7782958665,1,0.6103998219,7.77E-15,0.4011056096,0.5425254103,1.364266307,0.6851097967
443344,Barrett's esophagus,1.157609997,1,0.6108288294,4.19E-10,0.6142332774,0.5318283591,1.9884165,0.6992774843
77079,Spinal stenosis,0.5721026437,1,0.6112950602,2.91E-07,0.1852806529,0.5221375884,1.340391288,0.7126081128
40484571,Disorder of joint of shoulder region,1.146838432,1,0.611407833,0.02602245818,0.3706494663,0.4877164177,2.695408745,0.7597507054
44784631,Pain due to neoplastic disease,0.4922971457,1,0.6129429939,1.75E-15,0.2120841281,0.5465540963,0.9728246758,0.6857911392
35624213,Secondary cataract,1.099911135,1,0.6132531079,1.55E-07,0.5255728636,0.5256863198,2.032628693,0.7124829603
4224926,Obstruction of esophagus,1.037119297,1,0.6133961291,1.72E-12,0.5652284059,0.5408729992,1.747156459,0.6937418486
4021667,Wound finding,0.4538974884,1,0.6136362986,0.02812333009,0.05481286765,0.490044046,1.648727915,0.7617322209
78273,Closed fracture of multiple ribs,0.7379014566,1,0.6145081135,2.29E-06,0.2699884685,0.521875018,1.613277882,0.7202602418
316135,Atrioventricular block,1.064809519,1,0.6147758839,0.01527100279,0.3442457718,0.4948130444,2.501351776,0.7576076918
4303401,Finding reported by subject or history provider,2.558316397,1,0.616853926,3.77E-05,1.507365022,0.5177121172,4.073029693,0.731103727
4153380,Disorder of carotid artery,0.9495560177,1,0.6179426854,3.65E-11,0.48915384,0.5427840229,1.665280353,0.7014520074
379010,Epiretinal membrane,0.3834882588,1,0.620016364,8.57E-06,0.07890479989,0.5252457145,1.124893182,0.728438982
4119307,Neurogenic claudication,0.5652353481,1,0.6204777855,2.80E-16,0.2704560559,0.5563941394,1.042612001,0.6905514355
373474,Diplopia,1.267621624,1,0.6235943715,1.39E-06,0.6303433357,0.5331770174,2.279798451,0.7262944228
312648,Benign essential hypertension,1.271771168,1,0.6237249644,1.33E-11,0.7382648223,0.5504449303,2.045226579,0.7048708515
4041283,General finding of observation of patient,1.746564586,1.49E-04,0.625193778,1.96E-73,1.448949543,0.5931964283,2.088981286,0.6585834572
440615,Effect of exposure to external cause,0,1,0.626692728,1.11E-05,0,0.5323337821,0.4597803547,0.7344261881
442111,Benign neoplasm of ascending colon,0.878185444,1,0.6281803055,5.09E-23,0.5488920716,0.5737007744,1.333911507,0.6868514049
436353,Primary malignant neoplasm of upper outer quadrant of female breast,0.6515743209,1,0.6301076531,0.001334729577,0.1769962724,0.5227889705,1.676565189,0.7549779418
4085100,Viral upper respiratory tract infection,0.6069024844,1,0.630715072,0.02779014103,0.124752884,0.5115720667,1.783487953,0.7718071846
437584,Ataxia,0.7064704851,1,0.6325199219,1.89E-04,0.2286826671,0.5318717755,1.65643974,0.7483771457
77234,Benign neoplasm of colon,0.9431340568,1,0.6336068802,1.37E-21,0.5961976102,0.5781538799,1.41997991,0.6933628659
4111921,Squamous cell carcinoma of skin,0.8399728654,1,0.6347877444,0.046999135,0.227986271,0.5133261495,2.163913709,0.7789840488
80502,Osteoporosis,0.8716504242,1,0.6351967532,7.60E-47,0.6316018759,0.5963837976,1.173870486,0.6760607328
444211,Disorder of thigh,1.000766739,1,0.635238184,3.30E-09,0.5154888238,0.5569024532,1.755479704,0.7224504142
81893,Ulcerative colitis,0.8903417235,1,0.6352776224,0.006822571599,0.288013668,0.5228237712,2.089617757,0.7669577038
4288310,Carotid artery obstruction,0.8318816206,1,0.63631891,8.85E-21,0.506816264,0.5802907254,1.288914015,0.6967713451
317248,Disorder of hematopoietic structure,1.093683832,1,0.6378379615,6.36E-09,0.5804004844,0.5590474181,1.878316972,0.7256019814
200447,Gastrointestinal complication,0.7649599906,1,0.6385492359,0.001147115946,0.2475645618,0.5334626456,1.794034565,0.760159304
72986,Disorder of lower leg,0.9454110059,1,0.6387134095,1.71E-05,0.406792779,0.5456956418,1.871661062,0.7444074273
372629,Nonexudative age-related macular degeneration,0.8162946961,1,0.6388266185,0.04285623224,0.2215805526,0.5185519805,2.102597894,0.7812016521
138519,Spondylosis without myelopathy,2.027211449,1,0.6389404884,7.59E-09,1.293078605,0.559958311,3.032988714,0.7269117749
444459,Benign neoplasm of sigmoid colon,0.7375125161,1,0.6408242635,7.69E-13,0.3801084306,0.5728048974,1.292610361,0.7153672089
78200,Benign mammary dysplasia,1.146160363,1,0.6408576718,0.02464800091,0.4187975587,0.5239337372,2.51089104,0.7784983292
37396808,Cancer-related fatigue,1.461000354,1,0.6416346715,0.01483913137,0.6277359378,0.5271518155,2.898387927,0.7758869219
201606,Crohn's disease,0.5236440716,1,0.6422734454,0.008936515368,0.1076758274,0.5300883408,1.537745767,0.7733533437
316999,Conduction disorder of the heart,0.8661716355,1,0.643552274,5.18E-06,0.3727971936,0.5540068416,1.714157564,0.7447248474
4028253,Neoplasm of digestive system,0.9399713018,1,0.644661815,0.002981967276,0.3436945631,0.5378317891,2.057133042,0.7684334222
193020,Incomplete emptying of bladder,0.8765088327,1,0.6453758056,0.01284179855,0.2835514402,0.5326137715,2.057079357,0.777142237
442108,Benign neoplasm of cecum,0.9714577217,1,0.6469765402,1.56E-10,0.5295339564,0.5744180578,1.636281276,0.726955297
314666,Old myocardial infarction,1.14503677,1,0.6472887114,8.94E-32,0.8261566503,0.601945783,1.547845948,0.6954157874
4013597,"Closed fracture thoracic vertebra, wedge",0.8788092544,1,0.6473748962,0.01535224175,0.2842933961,0.5342400327,2.062530729,0.7795833557
4033839,Melanocytic nevus of upper limb,1.670647034,1,0.6505533641,1.75E-05,0.9309497756,0.5593553336,2.770960154,0.7537198525
192963,Disorder of pancreas,0.8254657502,1,0.6517575562,2.34E-11,0.4383288918,0.5818688181,1.41659283,0.7284731683
4164898,Diverticulosis of large intestine without diverticulitis,0.857761847,1,0.6522461771,1.91E-61,0.6572400657,0.6192916772,1.101006982,0.6865985953
443392,Malignant neoplastic disease,1.584739966,1,0.6522731422,0.00600432057,0.7563096627,0.5440927508,2.933472553,0.7776322249
4301699,Neuropathy,1.583206613,1,0.6526836211,3.49E-05,0.8618338402,0.5605550762,2.671141977,0.757010693
432895,Cortical senile cataract,0.7038657784,1,0.6527908238,0.02325096984,0.1911506125,0.5390335022,1.811717069,0.785657944
4040820,Rheumatic disease of mitral AND aortic valves,1.944537505,1,0.6534084242,1.19E-04,1.106115749,0.558117408,3.177157463,0.7617570153
43021250,Complication associated with orthopedic device,0.6570740801,1,0.6556091957,5.44E-04,0.2127244818,0.5563222832,1.540191723,0.7691267481
376337,Disorder of nervous system,1.749420791,1,0.6562253711,8.55E-04,0.9270662469,0.5557896285,3.010063908,0.771237314
4206148,Syncope and collapse,1.54983684,1,0.6570093478,5.66E-08,0.929503773,0.5780527574,2.43211437,0.7447202316
138825,Actinic keratosis,1.453080548,1,0.6580527831,1.82E-23,1.052246013,0.607306282,1.958509418,0.712291928
4185946,Finding of American Society of Anesthesiologists physical status classification,0.910836125,1,0.6608231197,3.33E-10,0.496561062,0.5895299853,1.533885216,0.7391537357
198400,Hemangioma of skin and subcutaneous tissue,1.085073041,1,0.6616847916,3.08E-18,0.7129663453,0.6054533639,1.584359558,0.7221680922
136497,Scar conditions and fibrosis of skin,0.8080124344,1,0.6623222996,9.25E-12,0.440602307,0.5950141574,1.360357148,0.7358518701
377889,Hearing loss,1.371248311,1,0.6632689726,2.76E-26,1.007740219,0.6156276426,1.824919293,0.7139479569
4000609,Disorder of upper gastrointestinal tract,0.7539964187,1,0.6646979779,4.86E-33,0.5177310734,0.6218683974,1.062010778,0.7099524376
40481385,Imaging of abdomen abnormal,1.242454461,1,0.6651958428,7.42E-10,0.7455321771,0.5936038461,1.948372201,0.7438288195
4286497,Centriacinar emphysema,2.015386988,1,0.6659145057,6.43E-06,1.241790147,0.5798997302,3.098382399,0.762275331
36717267,Ectasia of thoracic aorta,1.72500442,1,0.666397539,1.24E-08,1.100844977,0.5913912638,2.579201329,0.74914636
4172432,Hyperpigmentation of skin,1.096339634,1,0.6664795971,1.56E-22,0.7570105342,0.6157748292,1.537409372,0.7206053691
4031763,Melanocytic nevus of lower limb,1.301666963,1,0.6674167589,7.87E-05,0.6699979686,0.5758803515,2.285200196,0.7706957075
314059,Right bundle branch block,1.678995637,1,0.6698682498,7.48E-16,1.189570901,0.6113508509,2.304984481,0.7329779944
444367,Cholelithiasis without obstruction,0.7650022563,1,0.670347939,0.0151528099,0.2475797185,0.5622911662,1.794117762,0.7950521073
40483107,Inflamed seborrheic keratosis,1.04683461,1,0.6707678488,1.16E-11,0.6283628487,0.6045796657,1.640832784,0.7428531991
314379,First degree atrioventricular block,1.155785165,1,0.6719249262,6.57E-13,0.7303958975,0.6085750441,1.740864331,0.7406676255
441417,Incoordination,1.386700262,1,0.672519646,0.0061731087,0.6621449066,0.5691239422,2.565087996,0.7910285664
4303233,Gastric polyp,1.33026697,1,0.6733453849,2.43E-07,0.7721691262,0.5947854237,2.139556358,0.76036806
376400,Combined form of senile cataract,0.7317814459,1,0.6734372371,2.93E-14,0.4172512948,0.6127470909,1.192050777,0.7390198836
40482267,Imaging of gastrointestinal tract abnormal,0.5956729857,1,0.6735807091,2.84E-10,0.2850222621,0.6044398819,1.098857435,0.7491351645
316998,Left bundle branch block,0.7159733014,1,0.6763811199,6.85E-07,0.3264935882,0.5968298535,1.364137798,0.7645750631
4285898,Polyp of colon,0.9782538093,1,0.6763898429,2.14E-37,0.7284691721,0.6370152111,1.287120455,0.717751459
197917,Disorder of biliary tract,1.823855913,1,0.6768067807,2.26E-07,1.163625026,0.5990982537,2.727447427,0.7627420097
36713107,Lumbar spondylolisthesis,0.818462792,1,0.6769435998,2.78E-10,0.4462662265,0.6084151158,1.377991057,0.7517748783
435829,Rheumatic disease of heart valve,1.825012472,1,0.6804560935,5.50E-10,1.235023194,0.6116145122,2.602789499,0.755611123
435790,Secondary polycythemia,1.519747945,1,0.6827829153,0.04270456887,0.725431968,0.5738412693,2.812450918,0.8083713992
439780,Autistic disorder,0.1400264319,1,0.6835039237,0.01629945052,0.003543722608,0.5782717249,0.782679315,0.8041373522
4033837,Melanocytic nevus of trunk,1.540300404,1,0.6838523345,1.20E-09,1.002514712,0.6146183991,2.26695764,0.759436756
197494,Viral hepatitis C,1.04172604,1,0.6854068167,0.00815447817,0.4480977909,0.5838576285,2.06308322,0.8012084613
4209423,Nicotine dependence,0.6074984003,0.3932735563,0.6855972445,2.25E-66,0.4634361163,0.6562559003,0.7827451844,0.7159845789
440424,Aphasia,1.232931913,1,0.6856045653,2.50E-04,0.6347148048,0.5949506326,2.164208139,0.7874502336
37017182,Joint pain of pelvic region,2.100156144,1,0.6869756987,3.49E-05,1.325135277,0.6016446831,3.169450316,0.782158691
45769461,Non-rheumatic mitral valve disease,2.505662849,0.09987339087,0.6872095415,3.50E-06,1.694202674,0.6067801208,3.577703472,0.7763553208
4198042,Disorder of bilirubin metabolism,1.396907433,1,0.6875983994,0.002085182841,0.7189110806,0.5912582191,2.453356864,0.7966284248
44784217,Cardiac arrhythmia,1.840057878,8.33E-05,0.6881628473,6.67E-40,1.506147764,0.6510857578,2.227612154,0.726998101
444444,Benign neoplasm of transverse colon,0.8485537824,1,0.6883212716,1.72E-15,0.5304035401,0.6317474024,1.288796591,0.7490707395
42538119,Transplanted heart valve present,0.3221249024,1,0.6885619828,4.81E-06,0.0876258253,0.6075860746,0.8270932308,0.7783563142
437541,Glaucoma,0.6741712218,1,0.6903097209,1.37E-06,0.3074908793,0.6121627198,1.284239776,0.7765680286
320744,Complete atrioventricular block,0.8663304309,1,0.6926489222,0.04478139262,0.3168328293,0.5853387539,1.895222431,0.8158325711
75909,Disorder of bone,0.8040833115,1,0.6933297504,1.27E-59,0.6305702716,0.6630491549,1.011317029,0.7247466097
200779,Polyp of corpus uteri,0.8499169701,1,0.695343382,0.04628729263,0.3108732944,0.5887327269,1.85921624,0.8175335634
4150125,Persistent pain following procedure,0.6965525546,1,0.6954450792,6.07E-35,0.4964243186,0.6567677153,0.9512366012,0.7360350941
195581,Peritoneal adhesion,0.8601588092,1,0.6958755308,2.78E-04,0.3921484357,0.6074864274,1.639669903,0.7947399004
439392,Primary malignant neoplasm,0.6303329812,1,0.6964483896,7.07E-09,0.3139223161,0.6272195981,1.131376395,0.7718970773
253796,Pneumothorax,2.867839663,0.08741754984,0.6968961129,0.006556079159,1.826787142,0.5986920974,4.297792112,0.8081466708
4111409,"Aortic incompetence, non-rheumatic",2.102716995,0.7766747221,0.6972420377,1.02E-08,1.466423548,0.6277782902,2.925615291,0.7729733519
4111412,"Tricuspid incompetence, non-rheumatic",3.193386804,2.12E-11,0.6981770805,2.09E-11,2.462380733,0.6356572785,4.078527128,0.7657276592
4092743,Unsteady when standing,1.881921359,1,0.6990059107,8.39E-10,1.312827639,0.6328583144,2.617545319,0.7708382448
4059015,Falls,1.007636292,1,0.6994054483,3.52E-17,0.6826937152,0.6468565833,1.435089612,0.7554401636
435506,Benign neoplastic disease,0.9558729216,1,0.6996433044,0.04183326062,0.38293887,0.594531112,1.979435671,0.8198011114
4068613,Cervical spondylosis with radiculopathy,1.33712232,1,0.7005160596,0.01235471034,0.6647974192,0.60110021,2.405421937,0.8132512752
4079749,Osteoarthritis of hip,0.6814174397,1,0.7007169183,1.58E-24,0.4552840226,0.6558735195,0.9813817554,0.7480833759
4166231,Genetic predisposition,0.6473831896,1,0.7008574835,0.02728285256,0.209584984,0.5983438104,1.517392019,0.8175948857
4104196,Familial dysautonomia,12.66098261,2.09E-11,0.7018369256,1,7.556487283,0.4883206576,20.12521537,0.9872334779
72418,Scoliosis deformity of spine,0.6078594888,1,0.7026608485,9.61E-07,0.2772964413,0.6274533379,1.157658156,0.7852381762
195562,Hemorrhoids,1.089897755,1,0.7035701246,5.87E-39,0.8516103807,0.6675386743,1.375313686,0.7411644978
373852,Neuralgia,2.547314239,0.002455082902,0.7036438711,1.22E-07,1.819451668,0.6320036032,3.474649597,0.7819287724
320420,Vitreous degeneration,0.9135742853,1,0.7046066182,2.67E-08,0.5207182351,0.6352716899,1.488903947,0.7801627118
136788,Spinal stenosis of lumbar region,0.966508707,1,0.705493234,2.12E-25,0.7002817,0.6619090753,1.301736936,0.7514188451
74728,Synovitis and tenosynovitis,1.767234605,1,0.7068836139,0.001338350465,1.042825751,0.6166752966,2.808307925,0.8078549561
381295,Senile cataract,0.9869202946,1,0.7081358598,0.02908994491,0.4246013944,0.6073248697,1.954135036,0.8225198461
194984,Disease of liver,1.398477494,1,0.7082752842,9.87E-19,1.031169661,0.658815311,1.855881472,0.7608432916
374009,Organic mental disorder,3.845418861,1.85E-04,0.7084023261,0.1859935715,2.493835267,0.5987971759,5.683180975,0.8342689904
141932,Senile hyperkeratosis,1.5339838,1,0.7088542713,8.60E-27,1.200198859,0.6667219553,1.933557087,0.7531940836
440371,Disorder of immune function,1.880912781,1,0.709835256,0.03993689194,1.047643414,0.6080666083,3.121544563,0.8254205225
4158911,Non-rheumatic heart valve disorder,2.462372552,0.04434698106,0.7107205966,1.04E-05,1.697180675,0.6329072789,3.460314931,0.7963775509
434633,Disorder of autonomic nervous system,8.440741752,4.67E-11,0.7111644457,1,5.384231344,0.5495433806,12.68089861,0.9105102729
198803,Benign prostatic hyperplasia,1.076387937,1,0.7142868037,4.15E-22,0.7857375933,0.6690240422,1.440732228,0.7620877802
135287,Non-neoplastic nevus,1.719300978,1,0.7149421598,1.80E-05,1.097216427,0.6369145929,2.57066549,0.8008242835
40484908,Imaging of brain abnormal,2.662646509,0.005058787249,0.7151636689,5.37E-05,1.845389193,0.6349952292,3.725073305,0.8036174546
40481919,Coronary atherosclerosis,2.28418551,0.04785204939,0.7158925559,2.72E-07,1.617072745,0.6453788198,3.138778778,0.7927577927
4111566,Disorders of both mitral and tricuspid valves,1.770015404,1,0.7166583418,3.71E-04,1.091092495,0.6321277272,2.719546133,0.8104474217
193518,Intestinal obstruction,0.6546994699,1,0.7169859102,5.01E-06,0.3132198045,0.6419242907,1.207965557,0.7992703833
4248429,Gastric ulcer without hemorrhage AND without perforation,1.247847676,1,0.7171409761,0.002655294339,0.6620017403,0.6270923543,2.144038978,0.8177249646
135526,Spinal cord disease,0.9293073639,1,0.7183308259,0.03557850072,0.3998587111,0.6194468547,1.839666039,0.830018066
193165,Disorder of adrenal gland,1.166193506,1,0.7211584031,0.01540369879,0.5800478951,0.6263348291,2.09676329,0.8276634826
4232697,Persistent atrial fibrillation,1.310302861,1,0.722589295,1.60E-06,0.8183551597,0.6506710267,1.992094254,0.8010794458
314665,Atrial flutter,1.237140059,1,0.7230777517,1.89E-07,0.7817075088,0.6545821161,1.863687843,0.7975067928
438867,Generalized aches and pains,4.426609111,7.79E-12,0.7231515405,0.003989942074,3.218741395,0.6334027825,5.950562077,0.8233038398
75576,Irritable bowel syndrome,1.311085319,1,0.7260638203,1.86E-08,0.8611920848,0.6610506315,1.915120209,0.7962938854
201078,Atrophic vaginitis,1.065898075,1,0.7264471798,2.14E-06,0.6298087187,0.6547373569,1.691076459,0.8046391883
261880,Atelectasis,1.592375598,1,0.7265622913,7.50E-24,1.25615698,0.6843617991,1.992722919,0.7709290163
4150062,Knee pain,1.573305807,1,0.7269235841,4.94E-18,1.199174794,0.6792412557,2.029093646,0.7773687531
197675,Incontinence of feces,1.82178672,1,0.7289920265,6.36E-04,1.149951138,0.6461221396,2.747405214,0.8206053185
4169905,Foot pain,0.7192847279,1,0.7291171101,2.98E-05,0.3581205532,0.6533129791,1.291383892,0.8121628706
433811,Hydronephrosis,1.023186501,1,0.731543826,8.38E-06,0.5942522598,0.6586648876,1.644492313,0.8110650866
198520,Lumbar spondylosis with myelopathy,1.856127498,1,0.7321926474,3.04E-04,1.196157925,0.6518437073,2.753869897,0.8207128793
4300092,Cannabis-induced organic mental disorder,0.6574424757,1,0.7322123214,8.09E-06,0.3274027873,0.6595039536,1.180130367,0.8115346319
45766207,Non-rheumatic mitral valve stenosis with regurgitation,1.882000944,0.03715727118,0.7329803638,3.43E-15,1.449934697,0.6826847853,2.404833662,0.7863428043
433456,Acute pain,0.9550489369,1,0.7335123409,0.04685050709,0.4352785847,0.6376829434,1.821127118,0.8411163213
134057,Disorder of cardiovascular system,1.714486789,1,0.7354200744,0.02902592592,0.9944239299,0.6417810672,2.76018478,0.8402630437
74731,Hypertrophic osteoarthropathy,0.9857604308,1,0.7357318646,0.002381427606,0.5077688837,0.6509468276,1.729074391,0.8295860191
36712983,Angina co-occurrent and due to coronary arteriosclerosis,1.120238993,1,0.7367408922,8.46E-09,0.729574049,0.674871959,1.647394459,0.8032935597
4102183,Borderline glaucoma,1.303673275,1,0.7368200558,0.005127436032,0.7269904835,0.6496991463,2.160257762,0.833524782
42537730,Coronary artery graft present,0.9907857075,1,0.7376569607,4.98E-13,0.6757934014,0.6847601873,1.403360599,0.793927473
40304526,Nocturia,0.7104809692,1,0.7377336064,2.80E-08,0.4051288003,0.6746400322,1.157286557,0.805731741
4245252,Raised prostate specific antigen,0.7443478286,1,0.7380991173,2.22E-06,0.4059214689,0.6689094692,1.252965638,0.813188696
438485,Postoperative state,0.7243810515,0.6699293787,0.7391205272,8.20E-90,0.6100362596,0.7173819548,0.8545008331,0.7613862197
194686,Acquired renal cystic disease,1.155879922,1,0.7392124803,5.54E-11,0.7932456876,0.6828778507,1.629043643,0.7993779603
442165,Loss of appetite,1.65585688,1,0.7413596996,4.68E-09,1.184004006,0.6810503861,2.255932284,0.8061085209
4110815,"Sensorineural hearing loss, bilateral",1.301236054,1,0.7414310554,1.21E-13,0.9460794003,0.6901889628,1.747639155,0.7957896521
4070750,Drug-induced constipation,1.112736761,1,0.7422097062,4.32E-04,0.6340158305,0.6634144569,1.814402662,0.828699435
439297,Nuclear senile cataract,0.9329619071,1,0.7424550888,7.61E-18,0.6676650054,0.6968329954,1.269769836,0.7905616001
137820,Postoperative hypothyroidism,0.7471285305,1,0.7427806467,0.00522712991,0.340732902,0.6571026226,1.423612621,0.8376411365
254061,Pleural effusion,1.544639213,1,0.7429655394,3.45E-21,1.218534896,0.70073611,1.932837901,0.7873369127
137682,Skin sensation disturbance,2.421682887,0.01654943302,0.7431546142,1.12E-04,1.705770924,0.6678730018,3.34202801,0.8254316108
318772,Disorder of pericardium,4.320686136,0.04489180235,0.7439223315,1,2.394646505,0.5890777033,7.216657228,0.9313481417
75036,"Localized, primary osteoarthritis of the hand",1.472826575,1,0.7441026488,8.18E-07,0.9902710079,0.6776782896,2.111371059,0.8158780993
436785,Spinal stenosis in cervical region,1.506797768,1,0.7450910316,7.32E-10,1.077596936,0.6874147877,2.05245106,0.8067983288
440530,Oropharyngeal dysphagia,2.001703537,1,0.7502594592,1.80E-05,1.403617165,0.6801912219,2.772436068,0.8263027926
141941,Cervical spondylosis without myelopathy,1.446451456,1,0.7505775903,2.85E-12,1.066496633,0.698648461,1.919763838,0.8057159861
193326,Urge incontinence of urine,1.094501173,1,0.7514839328,2.66E-05,0.6665131546,0.6810188924,1.696788143,0.8279704866
4346975,Lumbar spondylosis,1.116132639,1,0.7525596469,3.03E-21,0.8530620816,0.7116912484,1.435869685,0.7953866698
135777,Neoplasm of uncertain behavior of skin,1.185947991,1,0.7526755478,1.44E-12,0.8520975619,0.7015757296,1.608779069,0.8068903054
141104,Intervertebral disc disorder of lumbar region with myelopathy,1.443941716,1,0.7527578113,7.21E-04,0.9016695609,0.6755633896,2.195885544,0.8372362891
192450,Retention of urine,1.402227946,1,0.7531253469,1.14E-14,1.058486478,0.7052719306,1.823805905,0.8036798176
201337,Disorder of bladder,1.08463928,1,0.7552291649,1.05E-04,0.6510400412,0.6828442546,1.700291391,0.8339526549
4266809,Diverticular disease,0.8891947714,1,0.7557997219,4.30E-09,0.5739097115,0.6983470013,1.316862931,0.8172066744
4271013,Melanocytic nevus,0.9732693941,1,0.7558773318,3.48E-15,0.6994694651,0.709174663,1.319872699,0.8051284529
138384,Acquired hypothyroidism,1.162648363,1,0.7559314554,2.10E-09,0.7978670549,0.6992717039,1.638699246,0.8164152324
4195677,Rheumatic tricuspid valve regurgitation,1.640584171,1,0.7559822706,0.005933903455,1.024113779,0.6736512006,2.495968319,0.8465999004
321318,Angina pectoris,1.282892768,1,0.7570096447,8.46E-06,0.8353225562,0.6897598309,1.887146538,0.8296671778
201061,Diaphragmatic hernia,1.515915751,1,0.7571401118,1.38E-17,1.186154727,0.7134792474,1.910644107,0.8030537504
375545,Cataract,0.7304913993,1,0.7583635668,3.76E-05,0.3983952191,0.6888574518,1.229586303,0.8336421473
4152384,Non-rheumatic aortic sclerosis,0.9744692776,1,0.7590425359,5.47E-04,0.5553755538,0.6840621152,1.588410609,0.8408617883
318800,Gastroesophageal reflux disease,2.128441338,7.72E-04,0.7591468811,4.89E-10,1.632434697,0.7045375765,2.730529975,0.8172884661
30753,Esophagitis,1.266591206,1,0.7599013068,2.19E-04,0.7911649723,0.6870322496,1.925430801,0.8391598304
80813,Lumbosacral spondylosis without myelopathy,1.200442656,1,0.7607883775,2.07E-06,0.7886342482,0.696614441,1.7532031,0.829816752
433753,Alcohol abuse,0.8669559449,1,0.7608670373,2.01E-07,0.541865289,0.6999576394,1.316850776,0.8261546699
373503,Transient cerebral ischemia,1.118706873,1,0.7619971396,9.72E-04,0.6609345112,0.6862247976,1.775052829,0.8446945447
4172970,Nontraumatic rotator cuff tear,0.7305757313,1,0.7623138274,6.06E-06,0.416564565,0.6968375743,1.190085242,0.8328546857
312934,Atherosclerosis of aorta,1.516854984,1,0.7633569495,1.14E-07,1.079927867,0.7037903776,2.073968144,0.8271096378
4089462,Ventricular premature complex,2.121770836,1.30E-04,0.7641783412,4.50E-11,1.659157191,0.7124972865,2.675677,0.8190103137
46286594,Problem related to lifestyle,0.7777275331,1,0.7678165535,0.003886848527,0.4008154028,0.6900775701,1.363255735,0.8527845537
443769,Degeneration of lumbar intervertebral disc,0.9962689223,1,0.7683738612,3.05E-14,0.7246012803,0.7224576821,1.337496879,0.8167130256
374366,Sensorineural hearing loss,0.9522898993,1,0.7689185767,0.007852235049,0.5190875317,0.6893448698,1.603904754,0.8560878872
261325,Pulmonary emphysema,2.235559277,0.001996999403,0.7691755628,1.86E-06,1.672302345,0.7070881204,2.930988024,0.8357684577
439696,Hypertensive heart and renal disease with (congestive) heart failure,1.890717795,0.1393501301,0.7695572689,1.47E-08,1.426511114,0.7136612082,2.460384567,0.8291182648
4338120,Altered bowel function,0.8383943482,1,0.7706067692,0.01371023833,0.4320107631,0.689832881,1.469894589,0.8592414875
4012368,Increased frequency of urination,1.425116654,1,0.7708308007,0.005058986203,0.8899519706,0.6932660005,2.167162878,0.8556117109
77965,Acquired trigger finger,1.188506493,1,0.7709272951,0.02837136907,0.6770594134,0.6877903471,1.938334914,0.862364948
4115173,Atrial premature complex,1.827074161,1,0.7717408456,5.69E-05,1.287926933,0.7046610126,2.519081627,0.8441310626
197006,Residual hemorrhoidal skin tags,0.7844711688,1,0.772040431,5.86E-07,0.4843848787,0.7122489317,1.20281427,0.8359855522
4110961,Generalized ischemic myocardial dysfunction,1.61584219,1,0.7727950227,0.03110000901,1.00869479,0.6898648924,2.458210973,0.8639914677
437827,Pure hypercholesterolemia,1.1221617,1,0.7750207726,7.15E-26,0.902583453,0.7405620972,1.380033803,0.8108378714
443211,Benign prostatic hypertrophy with outflow obstruction,0.8284433226,1,0.7762908716,2.97E-10,0.561426156,0.7254333268,1.179530224,0.8301567899
4282096,"Major depression, single episode",0.8589849832,1,0.7769106933,9.14E-39,0.6986663956,0.7485309679,1.045830666,0.8061945543
4145825,Anorectal disorder,0.8857736683,1,0.7769677441,2.18E-04,0.5235617491,0.7085210633,1.404679713,0.8509272768
4068482,Prolapsed lumbar intervertebral disc,1.126344194,1,0.7770791044,8.63E-04,0.695081703,0.7056197228,1.728335021,0.8545643253
320536,Electrocardiogram abnormal,1.447617467,0.1371427724,0.7772169968,2.59E-36,1.226678252,0.7479843699,1.698076514,0.8074077651
434894,Acute posthemorrhagic anemia,1.260465206,1,0.779458501,5.18E-13,0.956441517,0.733752355,1.631777995,0.8275371907
444101,Hypertensive heart failure,2.081405352,1.26E-06,0.7813780064,3.50E-13,1.682797591,0.7362476674,2.548097119,0.8288182471
4201745,Disorder of digestive system,1.366821556,1,0.7821893306,4.88E-20,1.100539532,0.7446012273,1.67940013,0.8213799277
42537729,Aortocoronary bypass graft present,0.7292606473,1,0.7823267227,0.001194459792,0.3977252917,0.7116206082,1.227517995,0.8589216697
438557,Abnormal glucose level,1.725130912,1,0.7831678815,6.51E-04,1.190215424,0.7140617897,2.421321458,0.8578634398
4169095,Bradycardia,1.531301463,1,0.7837737583,1.40E-14,1.21169972,0.7409574562,1.910995459,0.8286757869
374367,Bilateral hearing loss,1.07291001,1,0.7837870855,5.79E-04,0.6703941555,0.7151867198,1.630389498,0.8578869717
4147183,General symptom,4.008359944,0.007705599698,0.7856890709,1,2.393288666,0.6477953086,6.324586138,0.9474782377
438398,Leukocytosis,1.719338475,0.005956886382,0.7868942685,4.35E-16,1.396458369,0.7462859208,2.096215063,0.8293236006
37206607,Overactive bladder,1.444078923,1,0.7898140755,0.03024237113,0.9121749397,0.7122753079,2.176358234,0.8743993172
194406,Urinary tract obstruction,0.8896257919,1,0.7899607063,0.008212938427,0.5070944807,0.7166740131,1.449783733,0.8694872945
4090425,Altered sensation of skin,4.242606961,2.98E-08,0.7953185702,1,2.95058582,0.6901014071,5.922885216,0.9137363487
435515,Hypo-osmolality and or hyponatremia,1.719016077,0.004365413212,0.7968318486,6.53E-15,1.400489252,0.7566910489,2.090056779,0.8387786649
4168222,"Intra-abdominal and pelvic swelling, mass and lump",0.723777354,1,0.7977493965,0.0206057879,0.3844200741,0.7239616789,1.241696292,0.8777916068
80180,Osteoarthritis,1.011621505,1,0.7984197015,1.50E-20,0.8031238235,0.7637194082,1.258640089,0.8344513788
200528,Ascites,0.9552951976,1,0.7995976636,0.00210937143,0.5896688146,0.7324337752,1.465366375,0.8718780408
137275,Disorder of muscle,2.164684078,0.005551949612,0.8016623208,3.01E-04,1.619354403,0.7391760202,2.837758072,0.8685931303
314131,Degeneration of cervical intervertebral disc,1.55971991,1,0.8023572974,0.001461292088,1.088554562,0.7369684899,2.168357824,0.8725642591
73840,"Localized, primary osteoarthritis of the shoulder region",1.780899529,0.4665719691,0.803299692,1.50E-06,1.357184058,0.7494857085,2.297410988,0.8603562071
4225273,Chronic gastritis,0.8886881811,1,0.8036664518,1.68E-04,0.567885387,0.742798047,1.326578939,0.8687018518
4142875,Solitary nodule of lung,1.879657216,6.40E-04,0.8037401274,4.67E-10,1.505501932,0.7580100089,2.320520605,0.8517750187
42537748,Acquired absence of organ,1.263280907,1,0.8039648754,3.17E-20,1.033464869,0.7698506315,1.530144415,0.8393587762
4180628,Disorder of body system,1.666671299,0.009467897168,0.8057058484,7.65E-15,1.365683445,0.7670014598,2.015833752,0.8460654382
435243,Alcohol dependence,0.4652188639,1,0.808159512,0.03508456799,0.212284848,0.7360008666,0.885490309,0.8862100068
317002,Low blood pressure,2.385913253,4.59E-13,0.810201001,1.58E-10,1.977134853,0.7665367455,2.85653139,0.8559675051
40483287,Disorder of kidney and/or ureter,1.171052311,1,0.8109801181,1.62E-08,0.8769791418,0.763789839,1.533398182,0.8606124541
4268911,Disorientated,1.667528731,1,0.8115474972,1.09E-04,1.23318562,0.75358537,2.207473287,0.8732729807
442019,Complication of procedure,1.117729774,1,0.8122978128,0.04639126127,0.6983202707,0.7407773954,1.698635029,0.8895699254
372887,Disorder of brain,1.666404001,0.6277422129,0.8145294915,1.40E-07,1.299085723,0.7660335347,2.107293124,0.8656164438
201340,Gastritis,1.27874332,1,0.8151820965,1.70E-04,0.9064268906,0.757455586,1.754540016,0.8765733288
4152351,"Abdominal distension, gaseous",1.306699645,1,0.8154536134,4.86E-08,0.9938852746,0.7682404833,1.68824069,0.8651011196
314658,Cardiomegaly,1.915794576,5.89E-06,0.8159029009,2.17E-11,1.572371135,0.7747280943,2.313792099,0.858937031
4322024,Pulmonary hypertension,2.12722986,6.93E-04,0.8160784528,1.31E-04,1.638465422,0.7590742267,2.718815757,0.8766486492
317009,Asthma,3.248737742,1.72E-10,0.8211078138,0.1509228572,2.472251083,0.7485544369,4.197256647,0.8995363652
764123,Atherosclerosis of coronary artery without angina pectoris,1.442350771,0.7795040893,0.8220631579,1.73E-17,1.203478572,0.788720459,1.716148247,0.8565904908
197672,Urinary incontinence,1.571150844,1,0.8226827426,1.74E-04,1.169296735,0.7669798815,2.068636362,0.8817543657
443200,Nervous system symptoms,5.010080378,7.60E-26,0.8251513943,0.9610441006,3.951925795,0.7465154818,6.271588217,0.9106838497
31317,Dysphagia,1.613414296,0.02641885311,0.8261678391,4.95E-12,1.325637365,0.7879248968,1.946606129,0.8659819738
4128329,Menopause present,1.19046576,1,0.8289380885,1.15E-07,0.90982199,0.7840383197,1.531613702,0.8760338665
4111416,"Pulmonary incompetence, non-rheumatic",4.034290153,5.15E-04,0.8298073559,1,2.537368951,0.6990035722,6.111436589,0.9807575565
4310235,Reduced mobility,3.579425692,7.06E-23,0.8315990488,0.003483863585,2.9149758,0.7728960827,4.354039242,0.8940445491
4168700,Localized enlarged lymph nodes,1.586650208,1,0.8319012166,3.87E-05,1.217572116,0.7810861586,2.034323575,0.8854767359
319041,Orthostatic hypotension,3.136172164,4.63E-09,0.832054439,0.764396639,2.363338437,0.7572035745,4.086819876,0.9131049705
79908,Muscle weakness,2.026880051,5.64E-04,0.8329098991,2.04E-04,1.587910271,0.7799304544,2.552146701,0.888956972
378427,Tear film insufficiency,1.831675813,0.02912805111,0.8354517163,9.67E-05,1.427653431,0.7842598826,2.316565475,0.8894743103
4093347,Stool finding,1.208450535,1,0.8354842031,0.006506418893,0.8482339762,0.7767679211,1.671728769,0.8979657715
432867,Hyperlipidemia,1.383030891,0.008316334387,0.8363114374,1.74E-34,1.21767846,0.8135651355,1.565831472,0.8596059498
321052,Peripheral vascular disease,1.05971892,1,0.8387833112,0.001757049464,0.7439994615,0.7836373563,1.465731214,0.8971963345
437677,Abnormal findings on diagnostic imaging of lung,3.00888876,1.44E-48,0.8395617961,5.25E-15,2.651922111,0.8071264166,3.403018009,0.8731028725
44782429,Chronic kidney disease due to hypertension,1.337943505,1,0.8419165283,1.84E-06,1.04329488,0.797407307,1.691377844,0.8885304488
4103703,Melena,1.524132907,1,0.8513148583,0.007721546223,1.147340868,0.7972124665,1.987068897,0.9085463065
435796,Dehydration,1.713600714,0.02601133759,0.8520369714,2.37E-05,1.376105319,0.8073385919,2.110563724,0.8988362594
254761,Cough,3.270040959,5.23E-92,0.8533619031,3.28E-24,2.958869316,0.8291489438,3.60775893,0.8781522544
46271022,Chronic kidney disease,1.369325404,1,0.8555391977,8.87E-06,1.085232413,0.8128944538,1.706366632,0.9000474722
4174262,Polyneuropathy,1.921416863,9.75E-05,0.8567070058,2.07E-04,1.550105449,0.8105566276,2.356845574,0.9050928545
40326053,Dysphonia,4.016427243,3.93E-16,0.8568151617,1,3.094337967,0.7776713186,5.134376348,0.9427260131
135930,Musculoskeletal finding,2.016751965,1.32E-05,0.8582265367,8.16E-04,1.625066307,0.8105020607,2.476514065,0.9083280041
201613,Chronic nonalcoholic liver disease,4.667850728,1.83E-04,0.8590850092,1,2.863354093,0.7096816319,7.215419854,1.034402297
4329041,Pain,1.624047666,0.02489786998,0.8608798814,2.30E-06,1.330774387,0.821064059,1.964147143,0.9023479918
432585,Blood coagulation disorder,2.413859331,0.01767738941,0.8612004045,1,1.700247581,0.7789824409,3.33113818,0.9507032985
200174,Disorder of skin and/or subcutaneous tissue,1.165396316,1,0.8630889916,8.70E-05,0.9038525069,0.8199578531,1.480194993,0.9081413809
437758,Dependence on enabling machine or device,2.469898588,6.14E-08,0.8635805505,0.2432207087,1.940619301,0.8052165629,3.102418333,0.9255350907
4113821,Anxiety state,3.138272911,4.78E-12,0.8654802818,1,2.443313428,0.7977498335,3.974405367,0.938084366
4134121,Lumbar radiculopathy,1.144673902,1,0.8661384836,9.78E-04,0.8728316036,0.8205985107,1.475618763,0.9138338614
313217,Atrial fibrillation,1.38993988,1,0.8667509903,1.05E-04,1.107828465,0.8243730865,1.723355303,0.9109866135
140214,Eruption,1.371572097,1,0.8683311259,7.79E-07,1.125109626,0.8314230005,1.657172241,0.9066579146
4144111,Gastroesophageal reflux disease without esophagitis,1.521332091,3.71E-07,0.8685864267,2.86E-22,1.347342071,0.8458801471,1.712913602,0.8918104033
4170554,Hip pain,1.028797829,1,0.8697483714,7.54E-08,0.8295229576,0.8349991245,1.262344774,0.9057370411
4108814,Pericardial effusion - noninflammatory,2.579302946,0.007198418505,0.871263875,1,1.797624917,0.7834039508,3.591390208,0.9674199671
4238808,Empyema of pleura,6.817068084,0.04096124169,0.8720124816,1,3.211367772,0.6183990191,12.84634682,1.208394318
40479576,Chronic diastolic heart failure,2.084993613,9.06E-04,0.8723849507,0.6223502475,1.612510929,0.8147474873,2.655361911,0.9334568857
201618,Disorder of intestine,1.21191789,1,0.8732092657,3.83E-05,0.9699281162,0.8339003513,1.497081049,0.9141131844
4306267,Coag./bleeding tests abnormal,2.452443306,0.004954048699,0.8740769974,1,1.751862038,0.793620609,3.345046865,0.9613924558
4098458,Moderate protein-calorie malnutrition (weight for age 60-74% of standard),2.641720026,7.16E-04,0.8751464824,1,1.886617107,0.7914673626,3.604015206,0.9662646911
45766714,Inflammatory dermatosis,1.057831759,1,0.8761635319,0.003490468824,0.8066533673,0.8318052635,1.36349356,0.9225434224
140673,Hypothyroidism,1.216622931,1,0.8765070532,4.47E-05,0.9759935814,0.8379750932,1.499851125,0.9165330258
443587,Diastolic heart failure,2.179986104,0.03990465195,0.8770817767,1,1.583310751,0.8044029472,2.931190362,0.9553004048
254669,Disorder of vocal cord,4.884001476,3.33E-07,0.8797886604,1,3.217841544,0.7446537094,7.131437573,1.03524365
4079750,Osteoarthritis of knee,1.165296338,1,0.8808492169,9.56E-05,0.9337653309,0.8427197827,1.437840495,0.9204263643
435657,Dyssomnia,8.559071104,1.84E-08,0.8824740549,1,5.14461761,0.6759326556,13.48742739,1.140216676
4275423,Supraventricular tachycardia,2.232984739,6.59E-04,0.8825217183,1,1.688528173,0.8172180512,2.900469358,0.9522238816
259848,Chronic rhinitis,2.146287584,0.001450998584,0.8830269667,1,1.634977168,0.8206643779,2.769910588,0.9493817996
437663,Fever,1.510748663,0.007703416877,0.8853974318,2.77E-07,1.285825501,0.8536935236,1.764986376,0.9181215412
46273390,Dependence on respirator,4.257786047,3.25E-06,0.888285927,1,2.830248082,0.7629764878,6.170192232,1.030747269
37396726,Cognitive communication disorder,15.2148808,1.72E-29,0.8888826855,1,10.75108759,0.697338901,21.03918639,1.123412557
75860,Constipation,1.382605449,0.6150026077,0.8935654254,6.11E-07,1.181169957,0.8634779438,1.609689278,0.9245523185
436096,Chronic pain,1.798166816,1.25E-16,0.8949914269,1.09E-11,1.598717571,0.8707030061,2.016990778,0.9198921068
256449,Bronchiectasis,5.816898637,6.38E-17,0.8977177859,1,4.254090528,0.7829519594,7.785894181,1.026546608
316139,Heart failure,1.884015945,3.07E-05,0.8991428747,0.2874416888,1.540575792,0.8546729126,2.28283817,0.9456247698
436962,Insomnia,2.45909434,2.76E-22,0.9009658876,0.0110464082,2.111224643,0.8633214778,2.850554422,0.9400165928
435459,Staphylococcal infectious disease,3.321133956,0.0221610078,0.9049767716,1,2.067364277,0.776264056,5.070248536,1.051475595
319835,Congestive heart failure,1.95710244,1.34E-07,0.9081474582,0.4706786434,1.625768978,0.8662838611,2.337974163,0.9517644732
440383,Depressive disorder,3.903286375,4.13E-65,0.9090909668,0.2549720501,3.422782106,0.8690218591,4.435361373,0.9507378341
197320,Acute renal failure syndrome,1.841848031,3.40E-08,0.9091323507,0.03191845495,1.562057998,0.872804258,2.158594033,0.9467515559
437247,Anemia of chronic disease,2.343439139,0.001549368519,0.9118846287,1,1.726188448,0.8376246212,3.113986622,0.9917474314
40481816,Infection by methicillin sensitive Staphylococcus aureus,3.249725496,0.03097045919,0.9143189214,1,2.023101568,0.7860654567,4.960716655,1.060049748
196523,Diarrhea,1.585275452,5.58E-05,0.9169686262,0.005119490058,1.363571832,0.8860797827,1.833995891,0.9487966396
313459,Sleep apnea,2.274011098,1.76E-10,0.9192785749,1,1.86920132,0.8713034565,2.742708045,0.969505365
4305080,Abnormal breathing,6.282770417,6.35E-81,0.9196324368,1,5.400363756,0.8608144057,7.275736821,0.9819184473
443782,Tremor,2.699125539,8.45E-07,0.9202827515,1,2.040064644,0.8469557557,3.50777293,0.9990239063
4171917,Localized edema,1.89333702,8.34E-08,0.9205865531,1,1.590681257,0.8815905802,2.238378987,0.9610680991
255573,Chronic obstructive lung disease,1.988106389,4.40E-06,0.9216929235,1,1.617574275,0.874510752,2.420037809,0.9710579996
440005,Complication of medical care,5.575133141,7.19E-09,0.9226741627,1,3.698531973,0.7765727892,8.099224095,1.091623731
440704,Chronic pain syndrome,2.081411173,0.02743120703,0.9231266425,1,1.548166459,0.8550205823,2.74228677,0.9958524127
4168217,Generalized hyperhidrosis,2.753886182,5.38E-05,0.930676056,1,1.998986537,0.8461971223,3.705809133,1.022277777
374034,Visual disturbance,2.311947964,1.20E-07,0.9307060746,1,1.841388056,0.874330545,2.868767982,0.990177538
45763549,Bilateral tinnitus,2.470187107,0.01566496081,0.9317023875,1,1.731055667,0.8433709373,3.423612251,1.027814202
4195085,Nasal congestion,1.69295676,8.31E-04,0.9329844393,1,1.403430445,0.8927729805,2.026112783,0.9747160573
436230,Blood chemistry abnormal,1.740955503,3.95E-09,0.9370611307,1,1.508373738,0.9060896774,2.000589994,0.9689489377
435524,Sleep disorder,3.002687529,3.55E-15,0.9387527962,1,2.414798627,0.8769468216,3.694189751,1.004222131
437113,Asthenia,2.675643714,1.38E-31,0.9393877698,1,2.325566356,0.9022153179,3.066047538,0.9778600218
4098604,Hypomagnesemia,1.936641791,9.68E-04,0.9396513388,1,1.531903439,0.8858041561,2.417780738,0.9962360322
436078,Malnutrition of moderate degree (Gomez: 60% to less than 75% of standard weight),8.830726197,0.001226435166,0.9397153821,1,4.31365944,0.6535968302,16.26859922,1.326116516
441969,Radiology result abnormal,2.338282723,2.54E-08,0.945071381,1,1.872190115,0.8890767147,2.887905607,1.004027897
433440,Dysthymia,3.048841161,8.86E-04,0.9458287243,1,2.073765343,0.8402254603,4.332875506,1.062569938
439147,Amnesia,3.182695285,3.73E-18,0.9464950359,1,2.579502986,0.8851950563,3.888620323,1.01135999
439407,Disorder of nasal cavity,2.084634898,1.18E-07,0.9474437971,1,1.706071779,0.8995639058,2.524178466,0.9974796926
321689,Apnea,3.31388248,0.01373729325,0.9509273191,1,2.086930187,0.8213194329,5.01362979,1.097800463
376208,Disorder of soft tissue,1.562992272,0.0303871066,0.9594946665,1,1.300605427,0.9207840429,1.86420314,0.9996914373
442077,Anxiety disorder,2.249965632,1.02E-37,0.9636251525,1,2.017774207,0.9379085755,2.503686768,0.9900002094
4195384,Chronic cough,25.90734302,3.44E-285,0.9644593498,1,22.76311485,0.8666916214,29.44680877,1.071606815
4152347,Drowsy,3.186666055,2.92E-06,0.9647479319,1,2.284150444,0.8686022332,4.334658089,1.069958002
257907,Disorder of lung,4.786522285,5.52E-49,0.9678187217,1,4.040245653,0.9071527143,5.63670412,1.031945946
40405599,Fibromyalgia,2.321928625,0.01975921645,0.9699399478,1,1.658980484,0.8873312756,3.166280315,1.059153365
439777,Anemia,1.544663268,2.18E-05,0.979028504,1,1.343987044,0.9493265269,1.768153461,1.009580587
29735,Candidiasis of mouth,3.369439339,7.51E-08,0.9797092149,1,2.453047792,0.8846007226,4.523353573,1.083557121
45768910,Uncomplicated asthma,1.967005921,8.38E-09,0.9801284017,1,1.649322851,0.9387524705,2.329798104,1.023084286
433595,Edema,2.356859708,1.04E-10,0.9816208629,1,1.926714205,0.9293895387,2.856772039,1.036369061
31967,Nausea,1.72960091,1.47E-06,0.983327311,1,1.47194731,0.947550988,2.020976302,1.02028918
4155909,Anesthesia of skin,1.951022899,1.32E-05,0.9835208773,1,1.585903557,0.9344106478,2.376716667,1.034851616
4254485,Finding related to attentiveness,8.122408078,9.16E-117,0.9852250656,1,7.057379102,0.9206289313,9.311623281,1.053740411
4059290,Steatosis of liver,2.01942592,3.88E-05,0.988120668,1,1.615130497,0.9342653646,2.496154969,1.044619492
435508,Adrenal cortical hypofunction,4.429966759,2.39E-05,0.9884032886,1,2.843441761,0.8417830709,6.605442624,1.156548485
440083,Acute stress disorder,2.437991791,0.001195439865,0.9888986492,1,1.776870476,0.9069042636,3.26908032,1.077279274
257683,Posterior rhinorrhea,2.717277324,4.14E-06,0.9891421156,1,2.025879407,0.9087768931,3.573641903,1.075602425
442555,Breathing painful,5.760944939,0.003750347773,0.9953801174,1,3.108667366,0.7763759218,9.831472365,1.265493967
4146209,Iron deficiency,2.338729046,0.001006971413,0.9976180406,1,1.739209655,0.9215714734,3.082465424,1.079032371
4191650,Acute respiratory distress,3.462886847,2.65E-04,1.004214023,1,2.304328954,0.8816078636,5.012301329,1.141284417
433316,Dizziness and giddiness,2.264763165,4.22E-25,1.011005732,1,1.983974192,0.9774662909,2.575576634,1.045563321
78786,Pleurisy,3.809111034,2.22E-04,1.013615899,1,2.470586569,0.8776732207,5.629126896,1.167394048
4211231,Panic disorder without agoraphobia,2.240541195,0.004224106625,1.01416853,1,1.655838341,0.9375920578,2.96830705,1.096109491
444070,Tachycardia,3.38349643,7.67E-56,1.014475355,1,2.974485884,0.9748869408,3.835695453,1.055452736
45770886,Disorder of plasma protein metabolism,3.361901121,4.77E-06,1.01688061,1,2.365369775,0.9098810915,4.645996728,1.134599886
442752,Muscle pain,2.636940864,1.07E-21,1.027192774,1,2.235486034,0.9811233224,3.092286663,1.075152309
4096682,Bleeding from nose,2.519391866,1.98E-04,1.028453243,1,1.855444033,0.9454777935,3.348119034,1.117658168
433736,Obesity,1.797082748,1.33E-13,1.032415432,1,1.58057031,1.002800568,2.036460686,1.062793672
24134,Neck pain,1.52952797,0.04396518178,1.034779058,1,1.279683096,0.9958550864,1.815276641,1.075046762
4117695,Pain in left lower limb,2.158216734,1.34E-08,1.037947856,1,1.76783048,0.9863942925,2.611241324,1.091817722
436070,Vitamin D deficiency,1.578118157,2.75E-05,1.038605791,1,1.363640824,1.006122806,1.818044233,1.072002856
4248728,Snoring,2.66043105,3.09E-14,1.039186304,1,2.174341746,0.9816248887,3.225642308,1.099679865
4236484,Paresthesia,2.822823037,1.40E-22,1.042796956,1,2.375904448,0.9922694414,3.332188976,1.095562303
36684319,Adjustment disorder with mixed anxiety and depressed mood,3.179708879,1.94E-06,1.043672586,1,2.288735661,0.9439585066,4.309893029,1.15245622
442588,Obstructive sleep apnea syndrome,2.720204419,1.32E-38,1.051720646,1,2.389575374,1.015643451,3.086472305,1.088893595
4115171,Pain in right lower limb,1.957118501,1.95E-05,1.051864571,1,1.587552498,0.9999024036,2.388646837,1.10610593
378253,Headache,2.633382042,4.45E-42,1.055580122,1,2.333535943,1.02218443,2.963051054,1.089899499
132736,Bacteremia,3.205193561,4.84E-10,1.064732647,1,2.433209951,0.9785956186,4.150182852,1.157381217
4272240,Malaise,4.742182203,1.71E-93,1.064930763,1,4.192286921,1.019562356,5.347271807,1.112092339
4330445,Pleuritic pain,2.612347278,2.26E-07,1.06733738,1,2.011307873,0.9928566515,3.340552776,1.146636416
762289,Pain in left knee,1.584330164,0.01993932292,1.069834453,1,1.315419939,1.027649253,1.893457462,1.113579893
43531681,Acute deep vein thrombosis of lower limb,3.665146459,1.46E-06,1.071563035,1,2.550679384,0.9532171619,5.111907068,1.202471443
43530605,Pulmonary embolism with pulmonary infarction,5.383848651,0.001381691987,1.076707472,1,3.041522574,0.8671925016,8.873948814,1.328775273
318736,Migraine,2.106045502,1.21E-05,1.081333176,1,1.675356253,1.022042184,2.616153955,1.143586573
378735,Migraine without aura,2.6236754,1.22E-06,1.086466253,1,1.997748007,1.008558895,3.387661323,1.169593138
443410,Infective pneumonia,3.189541645,2.06E-04,1.088139614,1,2.183031321,0.9719653289,4.510473993,1.216232984
433740,Immunodeficiency disorder,2.733873135,2.77E-08,1.089861857,1,2.104659117,1.013232954,3.496358348,1.17152493
43530648,New daily persistent headache,4.15723397,6.03E-04,1.102811635,1,2.583801162,0.9406213785,6.357009452,1.288845618
314754,Wheezing,2.605884699,8.52E-08,1.105646352,1,2.018395168,1.031405746,3.314819225,1.184533907
81902,Urinary tract infectious disease,1.362876665,1,1.106610649,3.89E-04,1.139669343,1.067354384,1.618179107,1.147122468
77670,Chest pain,2.768134462,1.39E-63,1.107001229,7.57E-10,2.493894406,1.077977491,3.066611626,1.136717465
375527,Headache disorder,3.366702111,2.81E-04,1.109458668,1,2.257510857,0.9826469735,4.841498556,1.250329888
45768965,Uncomplicated severe persistent asthma,5.50747396,2.85E-05,1.110337443,1,3.327605031,0.9160263361,8.619852018,1.339625261
40481299,Idiopathic sleep related non-obstructive alveolar hypoventilation,4.12583851,4.73E-05,1.120254084,1,2.674781667,0.9697170854,6.101510732,1.290774815
438350,Pneumocystosis,12.55421014,0.02777166373,1.123684781,1,4.86150099,0.6681809367,27.32506542,1.8263675
4223659,Fatigue,4.537614252,3.79E-166,1.127179966,1.47E-12,4.137137074,1.095735379,4.970467418,1.159392744
4197819,Fibrosis of lung,9.077624627,1.71E-47,1.131624907,1,7.220735251,1.009975169,11.29428832,1.26586005
45768964,Uncomplicated moderate persistent asthma,3.059935204,1.85E-08,1.146769093,1,2.299950882,1.055679271,3.996643212,1.244661418
77074,Joint pain,3.514514685,3.74E-26,1.15377376,0.01784934431,2.905765306,1.087909945,4.217990547,1.223152783
315078,Palpitations,3.960770216,2.61E-66,1.155156032,1.48E-07,3.473173402,1.107866173,4.500620807,1.204275017
132797,Sepsis,2.612293078,3.74E-14,1.155963081,9.85E-04,2.143117652,1.095972839,3.156491005,1.218891433
197684,Dysuria,1.36461111,1,1.156823107,6.27E-11,1.134010016,1.115407675,1.629536634,1.199660353
40481089,Embolism from thrombosis of vein of lower extremity,3.100483385,4.36E-08,1.158024648,1,2.310529993,1.063024287,4.079325907,1.260499207
200485,Pressure ulcer of buttock,3.859899045,0.003793653333,1.161004344,1,2.370747461,0.995404071,5.957112288,1.350437786
4077577,Moderate recurrent major depression,1.329387766,1,1.167275996,0.003182487545,0.9736288449,1.100093982,1.774466958,1.238123944
4280726,Seasonal allergic rhinitis,1.586423776,1,1.167305438,0.00190369063,1.200350703,1.101243819,2.059145639,1.236883112
4193704,Type 2 diabetes mellitus without complication,1.46566935,0.4309767951,1.168739752,8.95E-13,1.222601303,1.126764028,1.744286131,1.212114008
437390,Hypoxemia,5.733080348,5.01E-93,1.176587648,3.86E-06,5.005662099,1.118314568,6.540942843,1.237483591
434613,Generalized anxiety disorder,1.491095388,1,1.178599538,3.29E-10,1.209907008,1.129728882,1.819529233,1.229238684
137945,Pressure ulcer stage 2,3.563605588,7.79E-04,1.193982305,1,2.312298189,1.04734241,5.264893108,1.358390027
312437,Dyspnea,7.564318337,0,1.195681569,4.77E-41,6.975969229,1.16650087,8.198570705,1.225436651
4147829,Pain in pelvis,1.16097896,1,1.198605124,2.09E-09,0.8852674908,1.142241934,1.496634551,1.257373264
432738,Chronic fatigue syndrome,13.24000511,2.22E-178,1.204521443,0.0134806578,11.57366478,1.116762253,15.12159579,1.298266844
436235,Taste sense altered,6.616938965,3.25E-14,1.207662194,1,4.612476036,1.040545222,9.227942022,1.397953433
432545,Bacterial infectious disease,1.853992142,0.004883086328,1.208639433,1.30E-08,1.468755645,1.147185764,2.311218545,1.272983922
42873170,Dependence on supplemental oxygen,8.499997791,3.03E-95,1.213035632,0.001897951602,7.255811003,1.128055556,9.904986371,1.303636286
314487,Pulmonary function studies abnormal,11.26772244,2.48E-41,1.215142915,1,8.638066535,1.054362005,14.4815626,1.397135391
442306,Adjustment disorder with depressed mood,1.787416926,1,1.22183171,0.00806322784,1.233080816,1.128329455,2.509110563,1.322135593
257012,Chronic sinusitis,2.146356729,3.78E-05,1.230921256,1.99E-08,1.684077268,1.162026772,2.698865166,1.303424786
201826,Type 2 diabetes mellitus,1.67067064,0.001740819164,1.231751839,3.78E-20,1.383729724,1.183477874,2.001262278,1.281771743
257315,Bacterial pneumonia,10.11390106,1.33E-26,1.235776967,1,7.361023083,1.052781352,13.61075462,1.446280234
4256228,Respiratory failure,5.623714952,1.44E-35,1.246467718,0.001278840505,4.53513765,1.148646865,6.905112398,1.351605451
438134,Hypersomnia,3.536876759,7.36E-15,1.247643878,9.44E-05,2.757656581,1.157079225,4.474642229,1.344486535
442793,Complication due to diabetes mellitus,1.194799046,1,1.251409002,4.36E-10,0.8584305112,1.181016434,1.620812885,1.325513344
46273539,Acute bronchospasm,4.122341953,0.002638571553,1.258093138,1,2.497132809,1.074157087,6.432778111,1.469320926
45771045,Acute exacerbation of asthma,2.923816879,1.74E-04,1.261490357,0.01720225922,2.058266678,1.147030419,4.037946978,1.385942278
434005,Morbid obesity,1.633403308,0.002167763716,1.266293358,2.33E-31,1.363602787,1.220427323,1.94250572,1.313692143
37016114,Acute on chronic hypoxemic respiratory failure,6.465628314,8.60E-38,1.268429513,0.002175970856,5.173029371,1.159272882,7.994763914,1.386663935
81151,Sprain of ankle,1.504591585,1,1.271803623,0.001563118134,0.9394472735,1.16263548,2.288328428,1.390034148
193782,End-stage renal disease,2.223596562,1,1.288950891,0.002321822642,1.470722936,1.170712558,3.231701274,1.417659604
255848,Pneumonia,4.046831354,4.35E-56,1.290893527,7.25E-24,3.503127813,1.233770224,4.654453761,1.350352799
37016349,Hyperglycemia due to type 2 diabetes mellitus,1.909285541,1.79E-04,1.292830864,4.74E-21,1.536596755,1.232041136,2.346958743,1.356364887
256451,Bronchitis,3.018273257,3.54E-09,1.306204107,3.94E-08,2.297469985,1.211792156,3.899149859,1.407079574
376707,Acute conjunctivitis,0.571238949,1,1.306617423,0.006715680528,0.2091147189,1.175889144,1.247871834,1.45012806
4168213,Chest pain on breathing,6.118412991,4.41E-11,1.310023128,1,4.14388592,1.127969889,8.740756218,1.517742304
4119786,Interstitial lung disease,9.782622787,1.78E-53,1.31040264,0.008125880544,7.835523458,1.176619223,12.09476183,1.45755386
4169954,Genitourinary tract hemorrhage,1.376703391,1,1.313594099,6.17E-16,1.008231144,1.23961464,1.837640295,1.391477632
40443308,Polycystic ovary syndrome,1.437093624,1,1.315726598,0.01917409733,0.7620895892,1.174909552,2.470714381,1.471390059
253797,Post-inflammatory pulmonary fibrosis,13.13214019,1.03E-39,1.315865927,1,9.875605385,1.122435135,17.19952543,1.538397678
194696,Dysmenorrhea,1.283790943,1,1.316291808,2.27E-04,0.7311839354,1.195400844,2.094156069,1.448034915
134461,Tietze's disease,3.799439856,2.33E-04,1.323328795,0.2205043136,2.464220983,1.162087418,5.614797144,1.504266906
4056713,"Injury of muscle and tendon of abdomen, lower back and pelvis",0.7860019704,1,1.332170268,3.56E-05,0.3758768387,1.211649249,1.450895813,1.463322156
28060,Streptococcal sore throat,0.707280608,1,1.333193061,6.86E-07,0.35216279,1.223265665,1.2698018,1.451884435
319049,Acute respiratory failure,6.612323174,9.00E-18,1.340375145,0.08139722323,4.778464493,1.17837837,8.943049115,1.521970542
432250,Disorder due to infection,2.102903877,1,1.358492636,3.72E-04,1.278292419,1.218149537,3.267447077,1.513080446
195867,Noninflammatory disorder of the vagina,1.245629769,1,1.363323387,3.63E-32,0.9497279139,1.299804953,1.605949594,1.42962242
4168796,Muscle strain,0.7167836213,1,1.363815071,2.03E-15,0.4237976328,1.275649948,1.136225908,1.457308781
4025938,Pressure ulcer of sacral region,3.26334223,5.40E-04,1.364294042,4.35E-04,2.188568913,1.221248936,4.692393605,1.522074036
4171394,Abnormal menstrual cycle,0.8394755134,1,1.36471985,3.41E-05,0.3827217395,1.231721967,1.600092625,1.510447815
4201387,Tracheostomy present,9.939922122,1.48E-18,1.383693244,1,6.824058075,1.156209602,14.06557324,1.650416889
196168,Irregular periods,1.459428089,1,1.398321834,1.25E-16,1.001171836,1.30404139,2.057998266,1.498643056
443800,Amenorrhea,0.8861365803,1,1.422751979,3.51E-08,0.4236546959,1.289088188,1.636316956,1.568808069
4084966,Candida infection of genital region,1.661514956,1,1.428578493,1.87E-17,1.146391496,1.328489642,2.331814347,1.535429373
36713926,Somatic dysfunction of thoracic region,1.052761584,1,1.433521444,0.03448107746,0.3403452165,1.230458958,2.472829871,1.666241042
141323,Acute maxillary sinusitis,2.318847129,0.002930520937,1.444995516,8.41E-20,1.708065151,1.346150663,3.081045709,1.550298101
30133,Acute laryngitis,5.106312204,0.01465869377,1.448358326,1,2.759104056,1.184121976,8.696511984,1.764352799
4177862,Chronic hypoxemic respiratory failure,9.586772976,1.29E-75,1.453375794,2.77E-13,7.964536076,1.334094904,11.46131273,1.58222858
260123,Acute sinusitis,2.422303911,3.20E-06,1.456741392,1.25E-28,1.872739317,1.370479419,3.085970209,1.547847201
139850,Acute frontal sinusitis,2.042923166,1,1.460028348,7.78E-07,1.184204309,1.303266248,3.291731161,1.633606846
43530714,Sensory disorder of smell and/or taste,21.39091825,6.11E-108,1.468214448,1.84E-04,17.49860111,1.284643727,25.94844515,1.675086673
4122339,Drug-induced immunodeficiency,3.673160222,1.38E-06,1.469729472,5.16E-09,2.556305869,1.324762339,5.123274806,1.628912615
260139,Acute bronchitis,2.454971281,0.004847584303,1.471570801,3.67E-17,1.753645041,1.359556463,3.348548492,1.591944717
36717114,"Human papillomavirus deoxyribonucleic acid test positive, high risk on cervical specimen",0.8567594899,1,1.473426893,9.78E-06,0.3133430453,1.301740767,1.874128672,1.665258296
4081648,Acute vaginitis,1.260635852,1,1.476166596,6.06E-30,0.8753295459,1.387623568,1.759704699,1.569797946
43020475,High risk heterosexual behavior,0.6223763551,1,1.482117274,0.002463027681,0.1279257942,1.275909086,1.829107568,1.718015504
197607,Excessive and frequent menstruation,1.550903642,1,1.485619517,2.70E-17,1,1.370310361,2.299776427,1.609663712
444243,Neurosis,11.47837143,3.48E-30,1.490082408,0.004914692109,8.399201016,1.27501502,15.38202614,1.737448212
198678,Intestinal infectious disease,1.008985998,1,1.519375035,1.60E-08,0.4340638052,1.354030173,1.998084356,1.702768033
4213540,Cervical somatic dysfunction,0.7895992632,1,1.519618549,0.008791562826,0.1621539533,1.28493354,2.323613871,1.792425877
4057044,Injury of muscle and tendon at neck level,0.6647153786,1,1.541058017,4.92E-11,0.2432617143,1.384280786,1.452717844,1.713778178
440417,Pulmonary embolism,5.969957064,1.24E-43,1.61037368,7.83E-34,4.886013856,1.499570289,7.231096448,1.728543286
46271075,Acute hypoxemic respiratory failure,6.323487884,3.48E-96,1.619100982,6.24E-75,5.500152279,1.541517439,7.241721394,1.700207707
36713918,Somatic dysfunction of lumbar region,1.307172782,1,1.625500423,1.82E-06,0.4773799916,1.401142434,2.865651002,1.882158871
4173734,Acute pansinusitis,3.280300844,0.2042198188,1.646981093,4.96E-09,1.93023267,1.439770286,5.231102468,1.881078416
314383,Myocarditis,12.84260433,0.004639069891,1.661040577,1,5.34898229,1.094476415,26.61508738,2.483336089
137345,Pressure ulcer stage 4,2.271720428,1,1.698998721,0.01104312439,0.731271399,1.372567124,5.371596978,2.095275978
4146239,Pruritus of genital organs,1.447482948,1,1.721701979,0.01045947243,0.2964385169,1.383311801,4.281690878,2.134516194
46273463,Upper respiratory tract infection due to Influenza,2.075845468,1,1.73930518,1.82E-26,1.309782276,1.585040011,3.132572301,1.907279663
4185711,Loss of sense of smell,10.47625523,3.60E-24,1.783529191,9.15E-10,7.477831882,1.533375105,14.35026584,2.070891932
4124706,Myocardial dysfunction,22.18883228,1.01E-04,1.812156104,1,9.01203621,1.053960092,47.66387843,3.045933683
320136,Disorder of respiratory system,7.015126435,3.46E-38,1.81325537,2.76E-37,5.574859983,1.665698862,8.732988425,1.972960793
434272,Varicella,0,1,1.910587584,0.0105576607,0,1.470608361,2.716714975,2.470495823
133280,Alopecia,5.210243534,0.01171119533,1.959899064,6.91E-09,2.814326762,1.632490778,8.874799814,2.347565527
434872,Infection by Trichomonas,0,1,1.98610953,1.76E-07,0,1.628549539,1.626398127,2.415820613
4031164,Non-scarring alopecia,5.092727081,1.58E-31,2.286613683,2.51E-129,4.098676391,2.144397654,6.263196884,2.437676614
4078697,Subacute disease,55.56872169,6.69E-10,2.41612044,1,23.434897,1.186092303,122.1465206,4.816288844
45757557,Cardiomyopathy due to viral infection,35.8708956,0.008030758501,3.126813079,1,10.33912211,1.478430788,101.1968131,6.583145839
140173,Telogen effluvium,13.53359917,8.77E-15,3.355213706,1.51E-30,8.480696562,2.767953382,20.71094082,4.067083472
4307774,Acute lower respiratory tract infection,19.40692628,1.72E-49,3.955024952,1.65E-82,14.54387513,3.451009687,25.5211541,4.535247565
444205,Post-viral disorder,271.023479,2.64E-91,4.385695193,3.13E-04,166.2830844,2.529321757,459.6389612,7.691816892
40483537,Influenza due to Influenza A virus,6.082352715,1,4.815543741,6.47E-04,0.1467161564,2.631619076,38.04511698,8.979453263
4331309,Myocarditis due to infectious agent,52.21892053,0.5941149995,7.593746081,0.02857554584,8.715001157,2.955640389,228.0102138,21.82491862
4202045,Postviral fatigue syndrome,106.5413572,1.05E-151,8.319897074,3.33E-98,81.51694779,6.746001974,139.5975692,10.31599797
261326,Viral pneumonia,26.618893,2.78E-43,11.30138006,1.62E-272,18.98024657,9.711247958,36.68591191,13.19855774
703578,Multisystem inflammatory syndrome (MIS),162.2255569,2.22E-16,12.55146565,1.33E-10,63.01603985,5.896078329,441.2847033,29.7531421
36714927,Sequelae of infectious disease,1127.676344,0,15.84918465,7.90E-179,851.4944333,12.61982279,1457.651246,20.09038498
433702,Cestode infection,0,1,21.60303529,0.0033778697,0,4.889136687,645.2655114,196.6272088
3661408,Pneumonia caused by SARS-CoV-2,472.3527204,0,93.36832427,0,361.6777042,73.0547932,630.9168301,120.36647
4273307,Platelet count - finding,0,1,285.2575281,0,0,213.3852003,10.3926545,389.0029565
4236916,Yellow color,0,1,Infinity,8.03E-16,0,25.42164795,Infinity,Infinity